area,budget,hall tiles,hall paint,hall ceiling,main door,bedroom floor,bedroom ceiling,bedroom paint,bathroom tiles,water closet
1200,8000000,ceramictiles,1coatprimer,Fall Ceiling,countrywoodframe,vitrifiedtiles,Fall Ceiling,2coatputtyandroyaleemulsion,ceramicwalltiles,modern
950,5000000,vitrifiedtiles,standardemulsion,Standard Ceiling,upvcdoors,ceramictiles,Standard Ceiling,1coatputty,ceramicwall,traditional
650,4000000,ceramicwalltiles,2coatputty,Fall Ceiling,countrywoodframesanddoors,vitrifiedtiles,Fall Ceiling,2coatputtyandpremiumemulsion,ceramicwalltiles,compact
1400,7000000,ceramicwall,2coatputtyandstandardemulsion,Standard Ceiling,woodendoors,ceramictiles,Standard Ceiling,royaleemulsion,vitrifiedtiles,modern
800,4500000,vitrifiedtiles,royaleemulsion,Fall Ceiling,teakwooddoors,vitrifiedtiles,Fall Ceiling,2coatputty,ceramicwalltiles,classic
950,3500000,ceramictiles,2coatputtyandroyaleemulsion,Standard Ceiling,teakwoodframesanddoors,ceramicwalltiles,Standard Ceiling,standardemulsion,ceramicwall,compact
1100,5500000,vitrifiedtiles,1coatprimer,Fall Ceiling,countrywoodframesanddoors,ceramicwalltiles,Fall Ceiling,royaleemulsion,vitrifiedtiles,traditional
1000,6000000,ceramicwalltiles,2coatputtyandpremiumemulsion,Standard Ceiling,teakwooddoors,vitrifiedtiles,Standard Ceiling,2coatputtyandstandardemulsion,ceramicwalltiles,modern
1300,7500000,ceramicwalltiles,1coatprimer,Fall Ceiling,teakwooddoors,ceramictiles,Fall Ceiling,2coatputty,ceramicwalltiles,compact
700,3200000,ceramicwall,royaleemulsion,Standard Ceiling,teakwoodframesanddoors,vitrifiedtiles,Standard Ceiling,premiumemulsion,vitrifiedtiles,traditional
1150,6500000,vitrifiedtiles,2coatputtyandstandardemulsion,Fall Ceiling,woodendoors,ceramictiles,Fall Ceiling,standardemulsion,ceramicwall,compact
900,4800000,ceramicwalltiles,standardemulsion,Standard Ceiling,countrywoodframesanddoors,ceramicwalltiles,Standard Ceiling,premiumemulsion,ceramicwalltiles,modern
750,3800000,ceramictiles,1coatprimer,Fall Ceiling,teakwooddoors,ceramictiles,Fall Ceiling,1coatputty,ceramicwall,classic
1050,5800000,ceramicwalltiles,royaleemulsion,Standard Ceiling,teakwoodframesanddoors,vitrifiedtiles,Standard Ceiling,2coatputtyandpremiumemulsion,vitrifiedtiles,compact
1250,7200000,vitrifiedtiles,standardemulsion,Fall Ceiling,countrywoodframesanddoors,ceramicwalltiles,Fall Ceiling,premiumemulsion,ceramicwalltiles,modern
850,4200000,ceramicwall,premiumemulsion,Standard Ceiling,upvcdoors,ceramictiles,Standard Ceiling,standardemulsion,vitrifiedtiles,traditional
950,5500000,vitrifiedtiles,1coatprimer,Fall Ceiling,teakwoodframesanddoors,ceramicwalltiles,Fall Ceiling,premiumemulsion,ceramicwalltiles,compact
1100,6800000,ceramicwall,royaleemulsion,Standard Ceiling,woodendoors,vitrifiedtiles,Standard Ceiling,1coatprimer,vitrifiedtiles,modern
780,4000000,ceramictiles,2coatputtyandstandardemulsion,Fall Ceiling,upvcdoors,ceramicwalltiles,Fall Ceiling,1coatputty,ceramicwall,classic
1350,7800000,ceramicwalltiles,1coatprimer,Standard Ceiling,fiber-glass,vitrifiedtiles,Standard Ceiling,standardemulsion,vitrifiedtiles,traditional
1200,8000000,vitrifiedtiles,2coatputtyandpremiumemulsion,Fall Ceiling,woodendoors,ceramicwalltiles,Fall Ceiling,premiumemulsion,ceramicwalltiles,modern
950,5000000,ceramicwall,1coatprimer,Standard Ceiling,teakwooddoors,vitrifiedtiles,Standard Ceiling,2coatputty,vitrifiedtiles,traditional
650,4000000,ceramictiles,standardemulsion,Fall Ceiling,upvcdoors,vitrifiedtiles,Fall Ceiling,standardemulsion,ceramicwall,compact
1400,7000000,vitrifiedtiles,1coatprimer,Standard Ceiling,countrywoodframesanddoors,ceramicwalltiles,Standard Ceiling,premiumemulsion,ceramicwall,modern
800,4500000,ceramicwall,2coatputtyandstandardemulsion,Fall Ceiling,teakwoodframesanddoors,ceramicwalltiles,Fall Ceiling,royaleemulsion,ceramicwall,classic
950,3500000,ceramictiles,royaleemulsion,Standard Ceiling,countrywoodframesanddoors,ceramicwalltiles,Standard Ceiling,standardemulsion,vitrifiedtiles,compact
1100,5500000,vitrifiedtiles,premiumemulsion,Fall Ceiling,woodendoors,ceramicwalltiles,Fall Ceiling,2coatputtyandstandardemulsion,vitrifiedtiles,traditional
1200,8000000,ceramictiles,2coatputty,Fall Ceiling,woodendoors,vitrifiedtiles,Fall Ceiling,premiumemulsion,ceramicwall,modern
950,5000000,vitrifiedtiles,standardemulsion,Standard Ceiling,countrywoodframesanddoors,ceramicwalltiles,Standard Ceiling,2coatputty,ceramicwall,traditional
650,4000000,ceramicwalltiles,2coatputty,Fall Ceiling,countrywoodframesanddoors,vitrifiedtiles,Fall Ceiling,premiumemulsion,ceramicwalltiles,compact
1400,7000000,ceramicwall,2coatputtyandstandardemulsion,Standard Ceiling,teakwoodframesanddoors,ceramicwalltiles,Standard Ceiling,standardemulsion,vitrifiedtiles,modern
800,4500000,vitrifiedtiles,royaleemulsion,Fall Ceiling,teakwooddoors,vitrifiedtiles,Fall Ceiling,2coatputty,ceramicwall,classic
950,3500000,ceramictiles,2coatputtyandroyaleemulsion,Standard Ceiling,countrywoodframesanddoors,ceramicwalltiles,Standard Ceiling,premiumemulsion,vitrifiedtiles,compact
1100,5500000,vitrifiedtiles,1coatprimer,Fall Ceiling,woodendoors,ceramicwalltiles,Fall Ceiling,standardemulsion,vitrifiedtiles,traditional
1000,6000000,ceramicwalltiles,2coatputtyandpremiumemulsion,Standard Ceiling,teakwooddoors,vitrifiedtiles,Standard Ceiling,1coatprimer,ceramicwall,modern
1300,7500000,ceramicwalltiles,1coatprimer,Fall Ceiling,teakwooddoors,ceramictiles,Fall Ceiling,2coatputty,ceramicwalltiles,compact
700,3200000,ceramicwall,royaleemulsion,Standard Ceiling,teakwoodframesanddoors,vitrifiedtiles,Standard Ceiling,premiumemulsion,vitrifiedtiles,traditional
1150,6500000,vitrifiedtiles,2coatputtyandstandardemulsion,Fall Ceiling,woodendoors,ceramicwalltiles,Fall Ceiling,standardemulsion,ceramicwall,compact
900,4800000,ceramicwalltiles,standardemulsion,Standard Ceiling,countrywoodframesanddoors,ceramicwalltiles,Standard Ceiling,premiumemulsion,ceramicwalltiles,modern
750,3800000,ceramictiles,1coatprimer,Fall Ceiling,teakwooddoors,ceramicwall,Fall Ceiling,royaleemulsion,vitrifiedtiles,classic
1050,5800000,ceramicwalltiles,royaleemulsion,Standard Ceiling,teakwoodframesanddoors,vitrifiedtiles,Standard Ceiling,2coatputtyandpremiumemulsion,vitrifiedtiles,compact
1250,7200000,vitrifiedtiles,standardemulsion,Fall Ceiling,countrywoodframesanddoors,ceramicwalltiles,Fall Ceiling,premiumemulsion,ceramicwalltiles,modern
850,4200000,ceramicwall,premiumemulsion,Standard Ceiling,upvcdoors,ceramictiles,Standard Ceiling,standardemulsion,vitrifiedtiles,traditional
950,5500000,vitrifiedtiles,1coatprimer,Fall Ceiling,teakwoodframesanddoors,ceramicwalltiles,Fall Ceiling,premiumemulsion,ceramicwalltiles,compact
1100,6800000,ceramicwall,royaleemulsion,Standard Ceiling,woodendoors,vitrifiedtiles,Standard Ceiling,1coatprimer,vitrifiedtiles,modern
780,4000000,ceramictiles,2coatputtyandstandardemulsion,Fall Ceiling,upvcdoors,ceramicwalltiles,Fall Ceiling,1coatputty,ceramicwall,classic
1350,7800000,ceramicwalltiles,1coatprimer,Standard Ceiling,fiber-glass,vitrifiedtiles,Standard Ceiling,standardemulsion,ceramicwall,traditional
1200,8000000,ceramicwall,2coatputty,Fall Ceiling,woodendoors,ceramicwalltiles,Fall Ceiling,premiumemulsion,ceramicwall,modern
950,5000000,vitrifiedtiles,1coatprimer,Standard Ceiling,teakwooddoors,vitrifiedtiles,Standard Ceiling,2coatputty,vitrifiedtiles,traditional
650,4000000,ceramicwall,2coatputty,Fall Ceiling,countrywoodframesanddoors,ceramicwalltiles,Fall Ceiling,royaleemulsion,ceramicwall,compact
1400,7000000,ceramicwall,royaleemulsion,Standard Ceiling,teakwoodframesanddoors,ceramicwall,Fall Ceiling,royaleemulsion,vitrifiedtiles,modern
800,4500000,vitrifiedtiles,2coatputtyandpremiumemulsion,Fall Ceiling,teakwooddoors,ceramicwall,Fall Ceiling,1coatprimer,vitrifiedtiles,classic
950,3500000,ceramictiles,royaleemulsion,Standard Ceiling,countrywoodframesanddoors,ceramicwall,Standard Ceiling,2coatputtyandstandardemulsion,ceramicwall,compact
1100,5500000,vitrifiedtiles,1coatprimer,Fall Ceiling,woodendoors,vitrifiedtiles,Fall Ceiling,premiumemulsion,vitrifiedtiles,traditional
1000,6000000,vitrifiedtiles,2coatputty,Fall Ceiling,countrywoodframesanddoors,ceramicwalltiles,Standard Ceiling,1coatprimer,ceramicwall,modern
1300,7500000,ceramictiles,standardemulsion,Standard Ceiling,upvcdoors,ceramicwalltiles,Standard Ceiling,premiumemulsion,ceramicwalltiles,compact
700,3200000,ceramicwalltiles,1coatprimer,Fall Ceiling,teakwooddoors,ceramictiles,Fall Ceiling,royaleemulsion,vitrifiedtiles,traditional
1150,6500000,ceramicwalltiles,premiumemulsion,Standard Ceiling,woodendoors,vitrifiedtiles,Standard Ceiling,standardemulsion,ceramicwall,compact
900,4800000,vitrifiedtiles,1coatprimer,Fall Ceiling,teakwooddoors,vitrifiedtiles,Fall Ceiling,2coatputtyandstandardemulsion,vitrifiedtiles,modern
750,3800000,ceramicwall,2coatputtyandpremiumemulsion,Standard Ceiling,upvcdoors,ceramicwalltiles,Standard Ceiling,royaleemulsion,ceramicwall,classic
1050,5800000,ceramicwalltiles,2coatputtyandroyaleemulsion,Fall Ceiling,woodendoors,vitrifiedtiles,Fall Ceiling,standardemulsion,ceramicwall,compact
1250,7200000,vitrifiedtiles,premiumemulsion,Standard Ceiling,countrywoodframesanddoors,ceramicwalltiles,Standard Ceiling,2coatputty,ceramicwalltiles,modern
850,4200000,vitrifiedtiles,2coatputtyandpremiumemulsion,Fall Ceiling,upvcdoors,vitrifiedtiles,Fall Ceiling,royaleemulsion,ceramicwall,traditional
950,5500000,ceramictiles,1coatprimer,Standard Ceiling,teakwoodframesanddoors,ceramicwalltiles,Standard Ceiling,premiumemulsion,vitrifiedtiles,compact
1100,6800000,ceramicwall,2coatputty,Fall Ceiling,countrywoodframesanddoors,ceramicwalltiles,Fall Ceiling,2coatputtyandstandardemulsion,vitrifiedtiles,modern
780,4000000,vitrifiedtiles,royaleemulsion,Standard Ceiling,teakwooddoors,ceramicwalltiles,Standard Ceiling,1coatprimer,vitrifiedtiles,classic
1350,7800000,ceramicwall,premiumemulsion,Fall Ceiling,upvcdoors,vitrifiedtiles,Fall Ceiling,standardemulsion,vitrifiedtiles,traditional
1200,8000000,ceramicwalltiles,1coatprimer,Standard Ceiling,fiber-glass,vitrifiedtiles,Standard Ceiling,2coatputtyandstandardemulsion,ceramicwalltiles,modern
950,5000000,ceramictiles,standardemulsion,Fall Ceiling,teakwooddoors,vitrifiedtiles,Fall Ceiling,2coatputty,vitrifiedtiles,traditional
650,4000000,vitrifiedtiles,1coatprimer,Standard Ceiling,countrywoodframesanddoors,ceramicwalltiles,Standard Ceiling,premiumemulsion,ceramicwall,compact
1400,7000000,ceramicwall,2coatputtyandstandardemulsion,Fall Ceiling,teakwoodframesanddoors,ceramicwalltiles,Fall Ceiling,royaleemulsion,ceramicwall,modern
800,4500000,ceramicwall,royaleemulsion,Standard Ceiling,teakwooddoors,ceramicwalltiles,Standard Ceiling,1coatprimer,vitrifiedtiles,classic
950,3500000,vitrifiedtiles,2coatputtyandroyaleemulsion,Fall Ceiling,countrywoodframesanddoors,ceramicwalltiles,Fall Ceiling,standardemulsion,ceramicwall,compact
1100,5500000,ceramictiles,1coatprimer,Standard Ceiling,woodendoors,ceramicwalltiles,Standard Ceiling,premiumemulsion,vitrifiedtiles,traditional
1000,6000000,ceramicwalltiles,premiumemulsion,Fall Ceiling,countrywoodframesanddoors,ceramicwalltiles,Fall Ceiling,2coatputty,ceramicwall,modern
1300,7500000,ceramicwall,2coatputtyandstandardemulsion,Standard Ceiling,teakwooddoors,ceramicwalltiles,Standard Ceiling,royaleemulsion,ceramicwall,compact
700,3200000,vitrifiedtiles,1coatprimer,Fall Ceiling,teakwoodframesanddoors,ceramictiles,Fall Ceiling,standardemulsion,vitrifiedtiles,traditional
1150,6500000,ceramicwalltiles,premiumemulsion,Standard Ceiling,upvcdoors,ceramicwalltiles,Standard Ceiling,2coatputtyandpremiumemulsion,ceramicwalltiles,compact
1200,8000000,ceramictiles,royaleemulsion,Standard Ceiling,teakwooddoors,ceramicwalltiles,Standard Ceiling,premiumemulsion,ceramicwall,modern
950,5000000,vitrifiedtiles,2coatputtyandstandardemulsion,Fall Ceiling,countrywoodframesanddoors,ceramicwall,Fall Ceiling,royaleemulsion,vitrifiedtiles,traditional
650,4000000,ceramictiles,1coatprimer,Standard Ceiling,upvcdoors,vitrifiedtiles,Standard Ceiling,1coatputtyandstandardemulsion,ceramicwall,compact
1400,7000000,vitrifiedtiles,standardemulsion,Fall Ceiling,teakwooddoors,ceramicwall,Fall Ceiling,standardemulsion,ceramicwall,modern
800,4500000,ceramicwalltiles,1coatprimer,Standard Ceiling,countrywoodframesanddoors,ceramicwall,Fall Ceiling,2coatputtyandstandardemulsion,ceramicwall,classic
950,3500000,vitrifiedtiles,royaleemulsion,Fall Ceiling,woodendoors,ceramictiles,Standard Ceiling,2coatputtyandpremiumemulsion,ceramicwalltiles,compact
1100,5500000,ceramicwall,2coatputtyandstandardemulsion,Fall Ceiling,upvcdoors,vitrifiedtiles,Standard Ceiling,royaleemulsion,vitrifiedtiles,traditional
1000,6000000,vitrifiedtiles,2coatputtyandpremiumemulsion,Standard Ceiling,teakwoodframesanddoors,ceramicwall,Fall Ceiling,1coatprimer,ceramicwall,modern
1300,7500000,ceramicwall,royaleemulsion,Fall Ceiling,woodendoors,ceramicwall,Fall Ceiling,royaleemulsion,vitrifiedtiles,compact
700,3200000,ceramicwalltiles,standardemulsion,Standard Ceiling,countrywoodframesanddoors,ceramicwall,Standard Ceiling,premiumemulsion,ceramicwalltiles,traditional
1150,6500000,vitrifiedtiles,1coatprimer,Fall Ceiling,teakwoodframesanddoors,ceramicwall,Standard Ceiling,premiumemulsion,ceramicwalltiles,compact
900,4800000,ceramicwall,2coatputty,Fall Ceiling,teakwooddoors,vitrifiedtiles,Fall Ceiling,2coatputtyandpremiumemulsion,vitrifiedtiles,modern
750,3800000,ceramictiles,2coatputtyandstandardemulsion,Standard Ceiling,countrywoodframesanddoors,ceramicwall,Standard Ceiling,premiumemulsion,vitrifiedtiles,classic
1050,5800000,vitrifiedtiles,standardemulsion,Fall Ceiling,teakwooddoors,ceramicwall,Standard Ceiling,1coatprimer,vitrifiedtiles,compact
1250,7200000,ceramicwall,2coatputty,Fall Ceiling,countrywoodframesanddoors,ceramicwalltiles,Standard Ceiling,royaleemulsion,ceramicwall,modern
850,4200000,vitrifiedtiles,1coatprimer,Standard Ceiling,upvcdoors,vitrifiedtiles,Fall Ceiling,2coatputtyandpremiumemulsion,vitrifiedtiles,traditional
950,5500000,ceramictiles,royaleemulsion,Fall Ceiling,teakwoodframesanddoors,ceramicwall,Standard Ceiling,premiumemulsion,vitrifiedtiles,compact
1100,6800000,ceramicwall,2coatputty,Standard Ceiling,woodendoors,ceramictiles,Standard Ceiling,1coatprimer,ceramicwall,modern
780,4000000,ceramicwall,royaleemulsion,Fall Ceiling,upvcdoors,ceramicwall,Standard Ceiling,2coatputtyandstandardemulsion,vitrifiedtiles,classic
1350,7800000,vitrifiedtiles,1coatprimer,Standard Ceiling,fiber-glass,ceramicwall,Standard Ceiling,standardemulsion,ceramicwalltiles,traditional
1200,8000000,ceramicwall,2coatputtyandpremiumemulsion,Fall Ceiling,woodendoors,vitrifiedtiles,Standard Ceiling,royaleemulsion,ceramicwall,modern
950,5000000,vitrifiedtiles,1coatprimer,Standard Ceiling,teakwooddoors,ceramicwall,Fall Ceiling,2coatputty,ceramicwall,traditional
650,4000000,ceramicwall,2coatputty,Fall Ceiling,countrywoodframesanddoors,ceramicwall,Standard Ceiling,premiumemulsion,vitrifiedtiles,compact
1400,7000000,vitrifiedtiles,royaleemulsion,Fall Ceiling,teakwoodframesanddoors,ceramicwall,Standard Ceiling,1coatprimer,vitrifiedtiles,modern
800,4500000,ceramicwall,2coatputty,Standard Ceiling,teakwooddoors,vitrifiedtiles,Standard Ceiling,2coatputtyandstandardemulsion,ceramicwalltiles,classic
950,3500000,vitrifiedtiles,1coatprimer,Fall Ceiling,countrywoodframesanddoors,ceramicwall,Fall Ceiling,premiumemulsion,ceramicwall,compact
1100,5500000,ceramictiles,royaleemulsion,Standard Ceiling,woodendoors,ceramictiles,Standard Ceiling,2coatputtyandpremiumemulsion,vitrifiedtiles,traditional
1000,6000000,ceramicwalltiles,premiumemulsion,Standard Ceiling,countrywoodframesanddoors,ceramicwall,Standard Ceiling,standardemulsion,ceramicwall,modern
1300,7500000,ceramicwall,2coatputtyandstandardemulsion,Fall Ceiling,teakwooddoors,ceramicwall,Fall Ceiling,royaleemulsion,ceramicwall,compact
700,3200000,vitrifiedtiles,1coatprimer,Standard Ceiling,teakwoodframesanddoors,ceramicwall,Standard Ceiling,standardemulsion,vitrifiedtiles,traditional
1150,6500000,ceramicwalltiles,premiumemulsion,Fall Ceiling,upvcdoors,vitrifiedtiles,Fall Ceiling,2coatputtyandpremiumemulsion,ceramicwalltiles,compact
1200,8000000,ceramicwall,royaleemulsion,Fall Ceiling,teakwooddoors,ceramicwall,Fall Ceiling,standardemulsion,ceramicwalltiles,modern
950,5000000,vitrifiedtiles,1coatprimer,Standard Ceiling,countrywoodframesanddoors,ceramicwall,Standard Ceiling,premiumemulsion,vitrifiedtiles,traditional
650,4000000,ceramictiles,2coatputty,Standard Ceiling,upvcdoors,vitrifiedtiles,Fall Ceiling,royaleemulsion,ceramicwall,compact
1400,7000000,ceramicwalltiles,standardemulsion,Fall Ceiling,teakwooddoors,ceramicwall,Fall Ceiling,royaleemulsion,vitrifiedtiles,modern
800,4500000,vitrifiedtiles,1coatprimer,Standard Ceiling,countrywoodframesanddoors,ceramicwall,Standard Ceiling,2coatputtyandstandardemulsion,ceramicwall,classic
950,3500000,ceramictiles,royaleemulsion,Fall Ceiling,woodendoors,ceramictiles,Fall Ceiling,premiumemulsion,ceramicwalltiles,compact
1100,5500000,vitrifiedtiles,2coatputtyandstandardemulsion,Standard Ceiling,upvcdoors,ceramicwalltiles,Standard Ceiling,premiumemulsion,ceramicwall,traditional
1000,6000000,ceramicwalltiles,2coatputtyandpremiumemulsion,Fall Ceiling,teakwooddoors,ceramicwall,Fall Ceiling,1coatprimer,vitrifiedtiles,modern
1300,7500000,ceramicwall,royaleemulsion,Standard Ceiling,woodendoors,ceramicwall,Fall Ceiling,royaleemulsion,vitrifiedtiles,compact
700,3200000,ceramicwalltiles,standardemulsion,Fall Ceiling,countrywoodframesanddoors,ceramicwall,Standard Ceiling,2coatputtyandpremiumemulsion,ceramicwalltiles,traditional
1150,6500000,vitrifiedtiles,1coatprimer,Standard Ceiling,teakwoodframesanddoors,ceramicwall,Standard Ceiling,premiumemulsion,vitrifiedtiles,compact
900,4800000,ceramicwall,2coatputty,Fall Ceiling,teakwooddoors,vitrifiedtiles,Fall Ceiling,2coatputtyandpremiumemulsion,vitrifiedtiles,modern
750,3800000,ceramictiles,2coatputtyandstandardemulsion,Standard Ceiling,countrywoodframesanddoors,ceramicwall,Standard Ceiling,premiumemulsion,ceramicwall,classic
1050,5800000,vitrifiedtiles,standardemulsion,Fall Ceiling,teakwooddoors,ceramicwall,Standard Ceiling,1coatprimer,vitrifiedtiles,compact
1250,7200000,ceramicwall,2coatputty,Fall Ceiling,countrywoodframesanddoors,ceramicwall,Standard Ceiling,royaleemulsion,ceramicwall,modern
850,4200000,vitrifiedtiles,1coatprimer,Standard Ceiling,upvcdoors,vitrifiedtiles,Fall Ceiling,2coatputtyandpremiumemulsion,vitrifiedtiles,traditional
950,5500000,ceramictiles,royaleemulsion,Fall Ceiling,teakwoodframesanddoors,ceramicwall,Standard Ceiling,premiumemulsion,ceramicwalltiles,compact
1100,6800000,ceramicwall,2coatputty,Standard Ceiling,woodendoors,ceramictiles,Standard Ceiling,1coatprimer,ceramicwall,modern
780,4000000,ceramicwall,royaleemulsion,Fall Ceiling,upvcdoors,ceramicwall,Fall Ceiling,2coatputtyandstandardemulsion,vitrifiedtiles,classic
1350,7800000,vitrifiedtiles,1coatprimer,Standard Ceiling,fiber-glass,ceramicwall,Standard Ceiling,standardemulsion,ceramicwalltiles,traditional
1200,8000000,ceramicwall,2coatputtyandpremiumemulsion,Fall Ceiling,woodendoors,vitrifiedtiles,Standard Ceiling,royaleemulsion,ceramicwall,modern
950,5000000,vitrifiedtiles,1coatprimer,Standard Ceiling,teakwooddoors,ceramicwall,Fall Ceiling,2coatputty,ceramicwall,traditional
650,4000000,ceramicwall,2coatputty,Fall Ceiling,countrywoodframesanddoors,ceramicwall,Standard Ceiling,premiumemulsion,vitrifiedtiles,compact
1400,7000000,ceramicwall,royaleemulsion,Standard Ceiling,teakwoodframesanddoors,ceramicwall,Fall Ceiling,royaleemulsion,vitrifiedtiles,modern
800,4500000,vitrifiedtiles,2coatputtyandpremiumemulsion,Fall Ceiling,teakwooddoors,ceramicwall,Fall Ceiling,1coatprimer,vitrifiedtiles,classic
950,3500000,ceramictiles,royaleemulsion,Standard Ceiling,countrywoodframesanddoors,ceramicwall,Standard Ceiling,2coatputtyandstandardemulsion,ceramicwall,compact
1100,5500000,vitrifiedtiles,1coatprimer,Fall Ceiling,woodendoors,vitrifiedtiles,Fall Ceiling,premiumemulsion,vitrifiedtiles,traditional
1000,6000000,ceramicwalltiles,premiumemulsion,Fall Ceiling,countrywoodframesanddoors,ceramicwall,Standard Ceiling,standardemulsion,ceramicwall,modern
1300,7500000,ceramicwall,2coatputtyandstandardemulsion,Standard Ceiling,teakwooddoors,ceramicwall,Fall Ceiling,royaleemulsion,ceramicwall,compact
700,3200000,vitrifiedtiles,1coatprimer,Fall Ceiling,teakwoodframesanddoors,ceramicwall,Standard Ceiling,standardemulsion,vitrifiedtiles,traditional
1150,6500000,ceramicwalltiles,premiumemulsion,Standard Ceiling,upvcdoors,vitrifiedtiles,Fall Ceiling,2coatputtyandpremiumemulsion,ceramicwalltiles,compact
1200,8000000,ceramictiles,1coatprimer,Fall Ceiling,teakwooddoors,ceramicwalltiles,Fall Ceiling,premiumemulsion,ceramicwall,modern
950,5000000,vitrifiedtiles,royaleemulsion,Standard Ceiling,upvcdoors,ceramicwall,Standard Ceiling,1coatputtyandstandardemulsion,ceramicwalltiles,traditional
650,4000000,ceramicwalltiles,royaleemulsion,Fall Ceiling,teakwoodframesanddoors,vitrifiedtiles,Fall Ceiling,2coatputty,ceramicwall,compact
1400,7000000,ceramicwall,1coatprimer,Standard Ceiling,woodendoors,ceramictiles,Standard Ceiling,2coatputty,vitrifiedtiles,modern
800,4500000,ceramictiles,2coatputtyandstandardemulsion,Fall Ceiling,upvcdoors,ceramicwall,Standard Ceiling,standardemulsion,ceramicwalltiles,classic
950,3500000,vitrifiedtiles,1coatprimer,Standard Ceiling,countrywoodframesanddoors,ceramicwalltiles,Fall Ceiling,royaleemulsion,vitrifiedtiles,compact
1100,5500000,ceramicwall,2coatputtyandpremiumemulsion,Fall Ceiling,teakwooddoors,vitrifiedtiles,Fall Ceiling,premiumemulsion,ceramicwall,traditional
1000,6000000,vitrifiedtiles,2coatputty,Fall Ceiling,countrywoodframesanddoors,ceramicwall,Standard Ceiling,1coatprimer,ceramicwall,modern
1300,7500000,ceramicwalltiles,royaleemulsion,Standard Ceiling,teakwooddoors,vitrifiedtiles,Standard Ceiling,2coatputty,ceramicwalltiles,compact
700,3200000,ceramicwall,1coatprimer,Fall Ceiling,countrywoodframesanddoors,ceramicwall,Fall Ceiling,premiumemulsion,ceramicwalltiles,traditional
1150,6500000,vitrifiedtiles,2coatputtyandstandardemulsion,Standard Ceiling,woodendoors,ceramicwall,Standard Ceiling,royaleemulsion,vitrifiedtiles,compact
900,4800000,ceramicwalltiles,standardemulsion,Fall Ceiling,teakwooddoors,ceramicwalltiles,Fall Ceiling,premiumemulsion,ceramicwalltiles,modern
750,3800000,ceramictiles,royaleemulsion,Standard Ceiling,teakwoodframesanddoors,vitrifiedtiles,Standard Ceiling,2coatputtyandpremiumemulsion,vitrifiedtiles,compact
1050,5800000,vitrifiedtiles,2coatputtyandroyaleemulsion,Fall Ceiling,woodendoors,ceramicwall,Fall Ceiling,standardemulsion,ceramicwall,classic
1250,7200000,ceramicwall,standardemulsion,Standard Ceiling,countrywoodframesanddoors,ceramicwall,Standard Ceiling,premiumemulsion,ceramicwalltiles,modern
850,4200000,vitrifiedtiles,premiumemulsion,Fall Ceiling,upvcdoors,ceramictiles,Fall Ceiling,standardemulsion,vitrifiedtiles,traditional
950,5500000,ceramicwall,1coatprimer,Standard Ceiling,teakwoodframesanddoors,vitrifiedtiles,Standard Ceiling,premiumemulsion,ceramicwall,compact
1100,6800000,vitrifiedtiles,royaleemulsion,Standard Ceiling,woodendoors,ceramicwall,Fall Ceiling,1coatprimer,vitrifiedtiles,modern
780,4000000,ceramicwall,2coatputtyandstandardemulsion,Standard Ceiling,upvcdoors,ceramicwall,Fall Ceiling,1coatputty,ceramicwall,classic
1350,7800000,ceramicwalltiles,1coatprimer,Fall Ceiling,fiber-glass,ceramicwalltiles,Standard Ceiling,standardemulsion,ceramicwall,traditional
1200,8000000,ceramicwall,2coatputtyandpremiumemulsion,Standard Ceiling,woodendoors,ceramicwall,Standard Ceiling,royaleemulsion,ceramicwall,modern
950,5000000,vitrifiedtiles,standardemulsion,Standard Ceiling,teakwooddoors,vitrifiedtiles,Fall Ceiling,2coatputty,vitrifiedtiles,traditional
650,4000000,ceramicwall,2coatputty,Standard Ceiling,countrywoodframesanddoors,ceramicwall,Standard Ceiling,premiumemulsion,vitrifiedtiles,compact
1400,7000000,vitrifiedtiles,royaleemulsion,Fall Ceiling,teakwoodframesanddoors,ceramicwall,Fall Ceiling,royaleemulsion,vitrifiedtiles,modern
800,4500000,vitrifiedtiles,2coatputtyandpremiumemulsion,Standard Ceiling,teakwooddoors,ceramicwall,Fall Ceiling,1coatprimer,vitrifiedtiles,classic
950,3500000,ceramictiles,royaleemulsion,Fall Ceiling,countrywoodframesanddoors,ceramicwall,Standard Ceiling,2coatputtyandstandardemulsion,ceramicwall,compact
1100,5500000,vitrifiedtiles,1coatprimer,Standard Ceiling,woodendoors,ceramicwall,Standard Ceiling,premiumemulsion,vitrifiedtiles,traditional
1000,6000000,ceramicwalltiles,premiumemulsion,Fall Ceiling,countrywoodframesanddoors,ceramicwall,Fall Ceiling,2coatputty,ceramicwall,modern
1300,7500000,ceramicwall,2coatputtyandstandardemulsion,Standard Ceiling,teakwooddoors,ceramicwall,Standard Ceiling,royaleemulsion,ceramicwall,compact
700,3200000,vitrifiedtiles,1coatprimer,Fall Ceiling,teakwoodframesanddoors,ceramictiles,Fall Ceiling,standardemulsion,vitrifiedtiles,traditional
1150,6500000,ceramicwalltiles,premiumemulsion,Standard Ceiling,upvcdoors,ceramicwall,Fall Ceiling,2coatputtyandpremiumemulsion,ceramicwalltiles,compact
